n,Run,Target,Input List,Brute Force Sum,Greedy Sum,Quality Gap,Quality Ratio,Percent Gap,Greedy Optimal,Greedy Valid,Brute Force Time,Greedy Time
5,1,171,"[73, 38, 81, 55, 95]",168,168,0,1.0,0.0,True,True,1.7264999769395217e-05,4.147999788983725e-06
5,2,109,"[82, 33, 5, 1, 98]",104,104,0,1.0,0.0,True,True,1.0768999345600605e-05,1.4449997252086177e-06
5,3,152,"[21, 99, 96, 52, 37]",151,151,0,1.0,0.0,True,True,9.637000403017737e-06,1.0859985195565969e-06
5,4,137,"[43, 36, 43, 78, 75]",122,121,1,0.9918032786885246,0.819672131147541,False,True,8.65299989527557e-06,8.800016075838357e-07
5,5,73,"[28, 25, 8, 28, 58]",66,66,0,1.0,0.0,True,True,7.888998879934661e-06,9.949999366654083e-07
5,6,192,"[22, 97, 88, 83, 94]",191,191,0,1.0,0.0,True,True,8.320999768329784e-06,1.1110005289083347e-06
5,7,159,"[17, 45, 75, 100, 82]",157,145,12,0.9235668789808917,7.643312101910828,False,True,8.92999923962634e-06,9.300001693191007e-07
5,8,114,"[2, 75, 21, 93, 38]",114,114,0,1.0,0.0,True,True,4.141998942941427e-06,8.499991963617504e-07
5,9,165,"[70, 41, 92, 31, 96]",164,137,27,0.8353658536585366,16.463414634146343,False,True,8.146998879965395e-06,8.739989425521344e-07
5,10,105,"[40, 2, 58, 28, 83]",100,85,15,0.85,15.0,False,True,8.150000212481245e-06,7.959988579386845e-07
5,11,145,"[87, 26, 85, 70, 22]",135,135,0,1.0,0.0,True,True,8.04399860498961e-06,8.620008884463459e-07
5,12,110,"[9, 83, 12, 45, 71]",104,104,0,1.0,0.0,True,True,7.513001037295908e-06,7.889993867138401e-07
5,13,139,"[34, 66, 57, 73, 49]",139,139,0,1.0,0.0,True,True,3.418999767745845e-06,8.330007403856143e-07
5,14,115,"[21, 31, 49, 91, 38]",112,112,0,1.0,0.0,True,True,7.3190003604395315e-06,8.490005711792037e-07
5,15,88,"[48, 61, 1, 55, 12]",74,74,0,1.0,0.0,True,True,7.538001227658242e-06,8.520000847056508e-07
5,16,163,"[76, 81, 83, 19, 68]",163,159,4,0.9754601226993865,2.4539877300613497,False,True,5.38099993718788e-06,9.079994924832135e-07
5,17,127,"[88, 77, 46, 30, 13]",123,118,5,0.959349593495935,4.0650406504065035,False,True,7.2639995778445154e-06,9.34000127017498e-07
5,18,117,"[16, 90, 25, 38, 65]",115,115,0,1.0,0.0,True,True,7.1780013968236744e-06,7.450016710208729e-07
5,19,126,"[26, 72, 3, 59, 93]",122,122,0,1.0,0.0,True,True,7.487000402761623e-06,8.719998731976375e-07
5,20,186,"[58, 76, 67, 73, 99]",175,175,0,1.0,0.0,True,True,2.6821999199455604e-05,7.60001057642512e-07
5,21,181,"[75, 79, 66, 43, 99]",178,178,0,1.0,0.0,True,True,7.4599993240553886e-06,8.059996616793796e-07
5,22,123,"[72, 28, 95, 45, 6]",123,123,0,1.0,0.0,True,True,3.05499997921288e-06,7.2900002123788e-07
5,23,182,"[91, 98, 63, 47, 66]",176,164,12,0.9318181818181818,6.8181818181818175,False,True,7.575999916298315e-06,7.990001904545352e-07
5,24,91,"[62, 49, 55, 9, 7]",78,78,0,1.0,0.0,True,True,1.172199881693814e-05,1.5309997252188623e-06
5,25,77,"[46, 11, 59, 31, 8]",77,70,7,0.9090909090909091,9.090909090909092,False,True,2.7340011001797393e-06,7.779999577905983e-07
5,26,180,"[94, 78, 24, 99, 66]",177,177,0,1.0,0.0,True,True,7.591001121909358e-06,8.690003596711904e-07
5,27,86,"[18, 42, 38, 8, 67]",85,85,0,1.0,0.0,True,True,7.401000402751379e-06,8.260012691607699e-07
5,28,58,"[10, 48, 27, 10, 21]",58,58,0,1.0,0.0,True,True,2.1609994291793555e-06,7.060007192194462e-07
5,29,120,"[23, 61, 61, 38, 58]",119,119,0,1.0,0.0,True,True,7.339000148931518e-06,7.40999894333072e-07
5,30,128,"[35, 76, 65, 30, 51]",127,127,0,1.0,0.0,True,True,7.156000719987787e-06,7.640010153409094e-07
6,1,163,"[43, 95, 71, 93, 23, 2]",163,163,0,1.0,0.0,True,True,1.1390999134164304e-05,1.0969997674692422e-06
6,2,184,"[99, 23, 16, 67, 84, 79]",183,183,0,1.0,0.0,True,True,1.5645000530639663e-05,1.1140000424347818e-06
6,3,147,"[37, 37, 84, 76, 35, 25]",146,146,0,1.0,0.0,True,True,1.459700069972314e-05,9.199993655784056e-07
6,4,181,"[65, 96, 34, 61, 63, 43]",173,161,12,0.930635838150289,6.9364161849710975,False,True,1.5147999874898233e-05,1.0139992809854448e-06
6,5,155,"[26, 39, 55, 96, 63, 32]",154,151,3,0.9805194805194806,1.948051948051948,False,True,1.444000008632429e-05,9.880004654405639e-07
6,6,83,"[6, 1, 49, 20, 5, 86]",81,81,0,1.0,0.0,True,True,1.4581999494112097e-05,1.2569998943945393e-06
6,7,167,"[47, 37, 75, 43, 53, 80]",165,155,10,0.9393939393939394,6.0606060606060606,False,True,1.456400059396401e-05,8.939987310441211e-07
6,8,139,"[29, 63, 45, 36, 81, 24]",137,126,11,0.9197080291970803,8.02919708029197,False,True,1.3873001080355607e-05,9.280010999646038e-07
6,9,199,"[73, 71, 26, 95, 39, 94]",194,189,5,0.9742268041237113,2.5773195876288657,False,True,1.4437000572797842e-05,1.1070005712099373e-06
6,10,108,"[43, 84, 27, 25, 12, 25]",107,96,11,0.897196261682243,10.2803738317757,False,True,1.3924998711445369e-05,8.820006769383326e-07
6,11,146,"[35, 29, 50, 56, 78, 44]",142,134,8,0.9436619718309859,5.633802816901409,False,True,1.401499866915401e-05,9.619998309062794e-07
6,12,185,"[100, 71, 77, 32, 86, 5]",185,182,3,0.9837837837837838,1.6216216216216217,False,True,1.1828000424429774e-05,9.229988791048527e-07
6,13,175,"[86, 73, 23, 69, 48, 52]",173,159,14,0.9190751445086706,8.092485549132949,False,True,1.3685001249541529e-05,8.719998731976375e-07
6,14,194,"[72, 1, 71, 84, 77, 83]",168,168,0,1.0,0.0,True,True,1.3950000720797107e-05,8.999995770864189e-07
6,15,130,"[71, 19, 27, 10, 67, 67]",127,127,0,1.0,0.0,True,True,1.3824001143802889e-05,9.81999619398266e-07
6,16,224,"[75, 22, 93, 81, 94, 84]",209,209,0,1.0,0.0,True,True,1.471900031901896e-05,1.0380008461652324e-06
6,17,199,"[58, 82, 44, 74, 96, 45]",199,178,21,0.8944723618090452,10.552763819095476,False,True,7.495998943340965e-06,9.289997251471505e-07
6,18,124,"[37, 50, 60, 25, 33, 43]",122,110,12,0.9016393442622951,9.836065573770492,False,True,1.3873001080355607e-05,8.700008038431406e-07
6,19,177,"[2, 69, 47, 100, 68, 69]",171,171,0,1.0,0.0,True,True,1.389299904985819e-05,9.279992809752002e-07
6,20,115,"[24, 94, 22, 68, 20, 3]",115,114,1,0.991304347826087,0.8695652173913043,False,True,1.081300069927238e-05,9.430004865862429e-07
6,21,133,"[71, 68, 37, 48, 39, 3]",127,122,5,0.9606299212598425,3.937007874015748,False,True,1.351999890175648e-05,1.0130006558028981e-06
6,22,162,"[55, 51, 66, 15, 61, 76]",157,157,0,1.0,0.0,True,True,1.4026998542249203e-05,9.110008249990642e-07
6,23,110,"[49, 38, 11, 19, 11, 93]",109,104,5,0.9541284403669725,4.587155963302752,False,True,1.3930999557487667e-05,1.1370011634426191e-06
6,24,75,"[27, 20, 19, 57, 20, 7]",74,64,10,0.8648648648648649,13.513513513513514,False,True,0.00025036799888766836,1.947999408002943e-06
6,25,140,"[53, 3, 77, 17, 55, 76]",135,135,0,1.0,0.0,True,True,1.5299001461244188e-05,1.1880001693498343e-06
6,26,96,"[44, 3, 30, 12, 99, 4]",93,93,0,1.0,0.0,True,True,1.4613999155699275e-05,1.2029995559714735e-06
6,27,198,"[66, 81, 71, 75, 4, 100]",185,185,0,1.0,0.0,True,True,1.4552999346051365e-05,1.0399999155197293e-06
6,28,135,"[93, 23, 33, 26, 57, 39]",132,132,0,1.0,0.0,True,True,1.389399949403014e-05,9.480008884565905e-07
6,29,106,"[10, 10, 79, 9, 91, 13]",104,104,0,1.0,0.0,True,True,1.3449000107357278e-05,8.600000001024455e-07
6,30,120,"[12, 45, 64, 41, 74, 5]",120,119,1,0.9916666666666667,0.8333333333333334,False,True,9.16600038181059e-06,8.999995770864189e-07
7,1,229,"[16, 91, 42, 85, 48, 89, 88]",228,228,0,1.0,0.0,True,True,2.881700129364617e-05,1.4039997040526941e-06
7,2,201,"[72, 67, 4, 10, 88, 75, 86]",188,188,0,1.0,0.0,True,True,2.7577001674217172e-05,1.0849998943740502e-06
7,3,176,"[85, 16, 89, 64, 12, 36, 50]",175,174,1,0.9942857142857143,0.5714285714285714,False,True,2.638400110299699e-05,9.349987522000447e-07
7,4,120,"[20, 77, 15, 31, 25, 28, 45]",120,108,12,0.9,10.0,False,True,9.919998774421401e-06,8.499991963617504e-07
7,5,163,"[53, 68, 36, 67, 8, 1, 93]",162,162,0,1.0,0.0,True,True,2.6838000849238597e-05,9.240011422662064e-07
7,6,125,"[46, 4, 51, 1, 18, 65, 66]",122,122,0,1.0,0.0,True,True,2.618100006657187e-05,1.0020012268796563e-06
7,7,195,"[78, 69, 48, 34, 69, 81, 11]",195,193,2,0.9897435897435898,1.0256410256410255,False,True,6.5450003603473306e-06,9.640007192501798e-07
7,8,227,"[97, 35, 93, 38, 66, 37, 88]",227,227,0,1.0,0.0,True,True,7.765000191284344e-06,1.1190004443051293e-06
7,9,249,"[41, 56, 89, 51, 99, 89, 73]",247,244,3,0.9878542510121457,1.214574898785425,False,True,2.760900133580435e-05,1.2070013326592743e-06
7,10,155,"[13, 77, 42, 57, 41, 10, 70]",153,147,6,0.9607843137254902,3.9215686274509802,False,True,2.577499981271103e-05,9.350005711894482e-07
7,11,175,"[46, 84, 28, 76, 24, 25, 67]",175,160,15,0.9142857142857143,8.571428571428571,False,True,1.032699947245419e-05,9.119994501816109e-07
7,12,229,"[60, 32, 77, 98, 78, 91, 23]",229,221,8,0.9650655021834061,3.4934497816593884,False,True,9.416999091627076e-06,1.1949996405746788e-06
7,13,86,"[5, 49, 74, 13, 26, 2, 4]",86,85,1,0.9883720930232558,1.1627906976744187,False,True,2.2230000467970967e-05,1.1250012903474271e-06
7,14,133,"[8, 8, 26, 34, 83, 38, 70]",133,129,4,0.9699248120300752,3.007518796992481,False,True,1.4285998986451887e-05,9.83998688752763e-07
7,15,190,"[32, 95, 24, 79, 34, 41, 76]",189,174,15,0.9206349206349206,7.936507936507936,False,True,2.6918000003206544e-05,8.41000655782409e-07
7,16,151,"[15, 16, 18, 64, 58, 91, 41]",150,149,1,0.9933333333333333,0.6666666666666667,False,True,2.639199919940438e-05,1.0210005711996928e-06
7,17,236,"[88, 61, 21, 82, 85, 60, 75]",234,234,0,1.0,0.0,True,True,3.255199953855481e-05,9.960003808373585e-07
7,18,173,"[44, 82, 19, 77, 23, 20, 82]",169,164,5,0.9704142011834319,2.9585798816568047,False,True,2.6617999537847936e-05,8.490005711792037e-07
7,19,165,"[15, 33, 81, 79, 44, 66, 12]",162,160,2,0.9876543209876543,1.2345679012345678,False,True,5.335099922376685e-05,1.6369995137210935e-06
7,20,113,"[9, 4, 22, 52, 9, 54, 76]",111,111,0,1.0,0.0,True,True,2.6707999495556578e-05,1.1449992598500103e-06
7,21,197,"[57, 46, 79, 16, 91, 66, 39]",196,186,10,0.9489795918367347,5.1020408163265305,False,True,2.6801999410963617e-05,1.082000380847603e-06
7,22,140,"[8, 36, 77, 81, 8, 10, 60]",139,135,4,0.9712230215827338,2.877697841726619,False,True,2.8055001166649163e-05,1.0830008250195533e-06
7,23,154,"[37, 67, 49, 73, 1, 63, 18]",154,141,13,0.9155844155844156,8.441558441558442,False,True,1.2782998965121806e-05,9.940013114828616e-07
7,24,171,"[70, 49, 19, 96, 14, 89, 5]",171,171,0,1.0,0.0,True,True,1.1592999726417474e-05,1.4119996194494888e-06
7,25,156,"[79, 18, 20, 100, 12, 14, 70]",152,152,0,1.0,0.0,True,True,2.622800093377009e-05,1.0730000212788582e-06
7,26,237,"[90, 85, 43, 44, 81, 87, 45]",222,222,0,1.0,0.0,True,True,2.7660998966894113e-05,1.229000190505758e-06
7,27,147,"[51, 72, 67, 4, 53, 30, 18]",147,143,4,0.9727891156462585,2.7210884353741496,False,True,1.8276999981026165e-05,8.999995770864189e-07
7,28,190,"[95, 55, 22, 44, 25, 90, 49]",189,185,4,0.9788359788359788,2.1164021164021163,False,True,2.6227999114780687e-05,8.98000507731922e-07
7,29,167,"[37, 52, 68, 74, 3, 24, 76]",166,153,13,0.9216867469879518,7.83132530120482,False,True,2.743900040513836e-05,9.949999366654083e-07
7,30,131,"[31, 41, 5, 92, 5, 29, 59]",131,128,3,0.9770992366412213,2.2900763358778624,False,True,7.107999408617616e-06,8.930001058615744e-07
8,1,264,"[75, 78, 95, 39, 26, 74, 87, 55]",264,260,4,0.9848484848484849,1.5151515151515151,False,True,2.461099938955158e-05,1.8779992387862876e-06
8,2,244,"[71, 29, 51, 75, 64, 99, 83, 17]",244,233,11,0.9549180327868853,4.508196721311475,False,True,4.287599949748255e-05,1.329000951955095e-06
8,3,185,"[31, 63, 52, 34, 17, 35, 46, 92]",184,172,12,0.9347826086956522,6.521739130434782,False,True,5.270099973131437e-05,1.1320007615722716e-06
8,4,265,"[61, 65, 96, 24, 25, 88, 85, 87]",265,249,16,0.939622641509434,6.037735849056604,False,True,3.1100998967303894e-05,1.720000000204891e-06
8,5,242,"[18, 69, 93, 48, 90, 95, 49, 22]",237,237,0,1.0,0.0,True,True,5.5418999181711115e-05,1.30099942907691e-06
8,6,250,"[92, 96, 7, 62, 54, 61, 77, 51]",250,250,0,1.0,0.0,True,True,8.068998795351945e-06,1.3230001059127972e-06
8,7,194,"[57, 11, 20, 96, 53, 74, 25, 52]",194,190,4,0.979381443298969,2.0618556701030926,False,True,2.1100000594742596e-05,1.1090014595538378e-06
8,8,184,"[68, 19, 67, 17, 17, 57, 53, 70]",180,174,6,0.9666666666666667,3.3333333333333335,False,True,5.173299905436579e-05,1.1450010788394138e-06
8,9,219,"[65, 30, 3, 97, 7, 99, 95, 42]",216,206,10,0.9537037037037037,4.62962962962963,False,True,5.4648000514134765e-05,1.2689997674897313e-06
8,10,168,"[31, 13, 17, 100, 17, 27, 35, 97]",168,166,2,0.9880952380952381,1.1904761904761905,False,True,3.2717000067350455e-05,1.1579995771171525e-06
8,11,103,"[51, 17, 5, 37, 41, 34, 7, 15]",103,99,4,0.9611650485436893,3.8834951456310676,False,True,1.0289000783814117e-05,1.10300061351154e-06
8,12,183,"[22, 66, 85, 36, 30, 24, 68, 36]",183,183,0,1.0,0.0,True,True,1.554099981149193e-05,1.0769999789772555e-06
8,13,188,"[11, 84, 47, 63, 94, 1, 64, 13]",188,179,9,0.9521276595744681,4.787234042553192,False,True,4.306600021664053e-05,1.139000232797116e-06
8,14,213,"[59, 64, 19, 9, 64, 65, 52, 95]",212,212,0,1.0,0.0,True,True,5.337100083124824e-05,1.059999704011716e-06
8,15,139,"[12, 88, 66, 23, 11, 26, 1, 52]",139,138,1,0.9928057553956835,0.7194244604316548,False,True,4.6186998588382266e-05,1.0679996194085106e-06
8,16,157,"[77, 17, 15, 66, 25, 11, 71, 33]",157,148,9,0.9426751592356688,5.7324840764331215,False,True,4.123799953958951e-05,9.520008461549878e-07
8,17,228,"[37, 89, 92, 2, 94, 77, 21, 45]",228,225,3,0.9868421052631579,1.3157894736842104,False,True,1.4376999388332479e-05,1.3469998521031812e-06
8,18,88,"[5, 51, 28, 73, 6, 5, 5, 4]",88,88,0,1.0,0.0,True,True,1.8852999346563593e-05,9.77001036517322e-07
8,19,175,"[50, 49, 14, 86, 20, 29, 32, 70]",174,170,4,0.9770114942528736,2.2988505747126435,False,True,5.1962999350507744e-05,9.020004654303193e-07
8,20,187,"[30, 33, 16, 86, 40, 33, 55, 81]",187,183,4,0.9786096256684492,2.13903743315508,False,True,2.191299972764682e-05,1.1069987522205338e-06
8,21,206,"[55, 56, 66, 67, 25, 50, 23, 71]",206,204,2,0.9902912621359223,0.9708737864077669,False,True,3.0093000532360747e-05,1.1370011634426191e-06
8,22,232,"[5, 46, 89, 25, 81, 56, 100, 63]",232,219,13,0.9439655172413793,5.603448275862069,False,True,2.034399949479848e-05,1.1159991117892787e-06
8,23,158,"[19, 19, 89, 20, 96, 15, 13, 46]",157,157,0,1.0,0.0,True,True,5.152500125404913e-05,1.0799994925037026e-06
8,24,193,"[57, 97, 46, 50, 85, 11, 28, 12]",193,193,0,1.0,0.0,True,True,1.1755000741686672e-05,1.0200001270277426e-06
8,25,236,"[18, 62, 58, 83, 93, 73, 34, 51]",236,234,2,0.9915254237288136,0.847457627118644,False,True,2.020600004470907e-05,1.0919993655988947e-06
8,26,118,"[46, 31, 5, 13, 94, 20, 5, 22]",117,116,1,0.9914529914529915,0.8547008547008548,False,True,0.00014996699974290095,2.565999238868244e-06
8,27,288,"[95, 68, 98, 61, 14, 88, 82, 70]",287,281,6,0.9790940766550522,2.0905923344947737,False,True,5.6680999477976e-05,1.8970004020957276e-06
8,28,208,"[90, 15, 61, 56, 50, 53, 47, 45]",208,207,1,0.9951923076923077,0.4807692307692308,False,True,2.8439000743674114e-05,1.5619989426340908e-06
8,29,195,"[77, 82, 8, 15, 15, 69, 53, 71]",193,189,4,0.9792746113989638,2.072538860103627,False,True,5.254600000625942e-05,1.2489999789977446e-06
8,30,180,"[60, 12, 62, 90, 54, 43, 4, 35]",180,168,12,0.9333333333333333,6.666666666666667,False,True,2.2910999177838676e-05,1.1689990060403943e-06
9,1,204,"[5, 39, 33, 9, 73, 33, 73, 78, 66]",204,204,0,1.0,0.0,True,True,5.294999937177636e-05,1.7269994714297354e-06
9,2,263,"[36, 83, 45, 81, 19, 49, 44, 94, 75]",263,258,5,0.9809885931558935,1.9011406844106464,False,True,4.781900133821182e-05,1.6949998098425567e-06
9,3,224,"[73, 81, 4, 8, 68, 36, 74, 32, 73]",224,223,1,0.9955357142857143,0.4464285714285714,False,True,3.183999979228247e-05,1.28199826576747e-06
9,4,152,"[59, 61, 59, 2, 39, 63, 11, 3, 8]",148,148,0,1.0,0.0,True,True,0.00010360699889133684,1.4289998944150284e-06
9,5,152,"[45, 57, 8, 35, 13, 69, 3, 32, 43]",152,150,2,0.9868421052631579,1.3157894736842104,False,True,3.211799958080519e-05,1.2689997674897313e-06
9,6,185,"[10, 51, 99, 44, 23, 3, 61, 16, 64]",185,182,3,0.9837837837837838,1.6216216216216217,False,True,4.654800068237819e-05,1.4559991541318595e-06
9,7,193,"[43, 16, 26, 95, 26, 83, 45, 2, 51]",193,180,13,0.9326424870466321,6.7357512953367875,False,True,2.7228999897488393e-05,1.1520005500642583e-06
9,8,268,"[78, 60, 55, 58, 44, 85, 33, 96, 28]",268,259,9,0.9664179104477612,3.3582089552238807,False,True,5.426099960459396e-05,1.526999767520465e-06
9,9,271,"[38, 32, 63, 82, 20, 53, 82, 76, 97]",271,261,10,0.9630996309963099,3.6900369003690034,False,True,6.194800153025426e-05,1.2900000001536682e-06
9,10,212,"[15, 32, 90, 96, 28, 55, 84, 3, 22]",212,211,1,0.9952830188679245,0.4716981132075472,False,True,1.642300048843026e-05,1.3329990906640887e-06
9,11,317,"[69, 96, 92, 48, 45, 40, 96, 58, 91]",316,284,32,0.8987341772151899,10.126582278481013,False,True,0.00011376899965398479,1.5449986676685512e-06
9,12,325,"[48, 93, 81, 74, 76, 93, 80, 48, 58]",325,325,0,1.0,0.0,True,True,4.924200038658455e-05,1.6049998521339148e-06
9,13,217,"[48, 94, 38, 79, 60, 16, 52, 8, 39]",217,212,5,0.9769585253456221,2.3041474654377883,False,True,2.927100103988778e-05,1.1899992387043312e-06
9,14,245,"[42, 94, 63, 84, 35, 24, 17, 79, 52]",244,241,3,0.9877049180327869,1.2295081967213115,False,True,0.00010526300138735678,1.3850003597326577e-06
9,15,216,"[83, 7, 39, 10, 37, 72, 10, 87, 88]",216,214,2,0.9907407407407407,0.9259259259259258,False,True,2.62160010606749e-05,1.2879991118097678e-06
9,16,275,"[56, 29, 67, 34, 100, 74, 20, 80, 91]",275,271,4,0.9854545454545455,1.4545454545454546,False,True,4.424099824973382e-05,1.3209992175688967e-06
9,17,253,"[67, 79, 27, 39, 92, 31, 23, 87, 61]",252,246,6,0.9761904761904762,2.380952380952381,False,True,0.00010548000136623159,1.341000825050287e-06
9,18,226,"[34, 58, 65, 93, 51, 2, 34, 28, 87]",226,216,10,0.9557522123893806,4.424778761061947,False,True,2.944799962278921e-05,1.248001353815198e-06
9,19,209,"[53, 3, 19, 62, 78, 28, 37, 53, 86]",208,204,4,0.9807692307692307,1.9230769230769231,False,True,0.00010476199895492755,1.2269993021618575e-06
9,20,245,"[71, 48, 11, 88, 49, 86, 23, 35, 79]",245,245,0,1.0,0.0,True,True,1.1959999028476886e-05,1.2019991117995232e-06
9,21,163,"[11, 26, 61, 39, 41, 83, 14, 5, 46]",163,163,0,1.0,0.0,True,True,2.0696999854408205e-05,1.1320007615722716e-06
9,22,148,"[17, 41, 43, 27, 2, 58, 64, 24, 21]",148,148,0,1.0,0.0,True,True,1.5436000467161648e-05,1.0309995559509844e-06
9,23,299,"[71, 11, 69, 66, 77, 85, 75, 51, 93]",299,266,33,0.8896321070234113,11.036789297658862,False,True,3.145200025755912e-05,1.53700057126116e-06
9,24,212,"[3, 68, 17, 4, 68, 48, 50, 97, 69]",212,190,22,0.8962264150943396,10.377358490566039,False,True,4.513299973041285e-05,1.3159988156985492e-06
9,25,197,"[27, 3, 29, 29, 43, 82, 62, 61, 59]",197,190,7,0.9644670050761421,3.5532994923857872,False,True,3.0557999707525596e-05,1.070000507752411e-06
9,26,270,"[34, 44, 98, 47, 60, 81, 98, 19, 59]",270,256,14,0.9481481481481482,5.185185185185185,False,True,4.179600000497885e-05,1.3549997674999759e-06
9,27,255,"[41, 71, 99, 60, 15, 90, 96, 4, 35]",255,255,0,1.0,0.0,True,True,1.910799983306788e-05,1.2119999155402184e-06
9,28,237,"[51, 79, 48, 6, 66, 65, 79, 65, 15]",236,230,6,0.9745762711864406,2.5423728813559325,False,True,0.00011470200115581974,1.3449989637592807e-06
9,29,286,"[55, 93, 64, 33, 42, 79, 78, 47, 81]",286,286,0,1.0,0.0,True,True,4.2921999920508824e-05,1.3999997463542968e-06
9,30,194,"[39, 50, 46, 63, 97, 7, 6, 27, 53]",194,194,0,1.0,0.0,True,True,4.59120001323754e-05,1.1810006981249899e-06
10,1,226,"[46, 9, 16, 54, 75, 53, 83, 10, 72, 35]",226,222,4,0.9823008849557522,1.7699115044247788,False,True,7.558899960713461e-05,1.5969999367371202e-06
10,2,204,"[50, 30, 14, 77, 5, 90, 41, 2, 65, 35]",204,204,0,1.0,0.0,True,True,6.364000000758097e-05,1.2010004866169766e-06
10,3,200,"[26, 1, 54, 22, 54, 51, 39, 58, 34, 62]",200,200,0,1.0,0.0,True,True,4.179200004728045e-05,1.4260003808885813e-06
10,4,330,"[78, 62, 82, 12, 93, 68, 37, 89, 91, 49]",330,322,8,0.9757575757575757,2.4242424242424243,False,True,4.818500019609928e-05,1.743999746395275e-06
10,5,258,"[69, 86, 58, 12, 36, 61, 48, 94, 6, 47]",258,255,3,0.9883720930232558,1.1627906976744187,False,True,4.84690008306643e-05,1.5499990695388988e-06
10,6,217,"[31, 8, 22, 88, 80, 82, 69, 21, 21, 13]",217,214,3,0.9861751152073732,1.3824884792626728,False,True,8.658499973535072e-05,1.984999471460469e-06
10,7,233,"[33, 98, 37, 19, 70, 22, 43, 50, 37, 57]",233,225,8,0.9656652360515021,3.4334763948497855,False,True,5.4316999012371525e-05,1.4639990695286542e-06
10,8,251,"[19, 60, 61, 39, 41, 38, 66, 12, 73, 94]",251,245,6,0.9760956175298805,2.3904382470119523,False,True,7.539400030509569e-05,1.4199995348462835e-06
10,9,217,"[41, 27, 45, 15, 14, 81, 63, 53, 35, 61]",217,205,12,0.9447004608294931,5.529953917050691,False,True,8.123199950205162e-05,1.1490010365378112e-06
10,10,249,"[71, 85, 36, 4, 43, 39, 46, 27, 57, 91]",249,247,2,0.9919678714859438,0.8032128514056224,False,True,4.1116998545476235e-05,1.2419986887834966e-06
10,11,278,"[20, 71, 65, 38, 84, 96, 41, 47, 23, 71]",278,274,4,0.9856115107913669,1.4388489208633095,False,True,7.468399962817784e-05,1.6949998098425567e-06
10,12,193,"[59, 49, 98, 3, 11, 72, 11, 12, 44, 28]",193,193,0,1.0,0.0,True,True,5.944899930909742e-05,1.353000698145479e-06
10,13,320,"[46, 64, 14, 86, 50, 28, 89, 75, 98, 90]",320,319,1,0.996875,0.3125,False,True,4.840299880015664e-05,1.6269987099803984e-06
10,14,249,"[54, 28, 71, 94, 34, 30, 53, 72, 9, 54]",249,246,3,0.9879518072289156,1.2048192771084338,False,True,4.184199860901572e-05,1.571999746374786e-06
10,15,233,"[17, 29, 67, 72, 70, 51, 39, 18, 76, 28]",233,218,15,0.9356223175965666,6.437768240343347,False,True,6.122999911895022e-05,1.3749995559919626e-06
10,16,263,"[59, 43, 8, 88, 7, 23, 87, 44, 76, 92]",263,263,0,1.0,0.0,True,True,6.6688000515569e-05,1.4810011634835973e-06
10,17,299,"[80, 74, 50, 55, 69, 80, 39, 21, 68, 62]",299,296,3,0.9899665551839465,1.0033444816053512,False,True,7.953700151119847e-05,1.4840006770100445e-06
10,18,229,"[68, 28, 19, 48, 100, 70, 25, 86, 1, 13]",229,228,1,0.9956331877729258,0.43668122270742354,False,True,4.2080999264726415e-05,1.436999809811823e-06
10,19,297,"[64, 57, 11, 69, 89, 85, 31, 92, 72, 24]",297,297,0,1.0,0.0,True,True,4.5900000259280205e-05,1.4079996617510915e-06
10,20,310,"[96, 13, 11, 51, 87, 24, 98, 75, 67, 99]",310,306,4,0.9870967741935484,1.2903225806451613,False,True,0.00015133400120248552,1.5850000636419281e-06
10,21,328,"[74, 64, 99, 88, 18, 1, 75, 51, 93, 94]",327,305,22,0.9327217125382263,6.727828746177369,False,True,0.00023249999867402948,1.6650010365992785e-06
10,22,282,"[94, 59, 95, 41, 72, 47, 79, 34, 7, 36]",282,275,7,0.975177304964539,2.4822695035460995,False,True,3.549899884092156e-05,1.6330013750120997e-06
10,23,310,"[81, 21, 69, 86, 40, 60, 63, 93, 81, 26]",309,300,9,0.970873786407767,2.912621359223301,False,True,0.00021526099953916855,1.5599998732795939e-06
10,24,280,"[20, 96, 3, 66, 83, 81, 7, 60, 98, 47]",280,280,0,1.0,0.0,True,True,3.532000118866563e-05,1.4329998521134257e-06
10,25,237,"[60, 10, 21, 79, 50, 41, 74, 38, 17, 85]",237,234,3,0.9873417721518988,1.2658227848101267,False,True,7.67719993746141e-05,1.627000528969802e-06
10,26,220,"[73, 26, 48, 87, 63, 50, 35, 47, 4, 8]",220,218,2,0.990909090909091,0.9090909090909091,False,True,5.958600013400428e-05,1.309999788645655e-06
10,27,239,"[28, 87, 82, 86, 76, 50, 11, 27, 8, 24]",239,234,5,0.9790794979079498,2.092050209205021,False,True,6.457200106524397e-05,1.2040000001434237e-06
10,28,227,"[42, 17, 28, 34, 20, 80, 19, 93, 88, 34]",227,223,4,0.9823788546255506,1.762114537444934,False,True,3.5494000258040614e-05,1.3169992598704994e-06
10,29,285,"[24, 55, 13, 96, 30, 68, 64, 95, 67, 59]",285,283,2,0.9929824561403509,0.7017543859649122,False,True,5.7994999224320054e-05,1.4760007616132498e-06
10,30,271,"[77, 40, 99, 95, 67, 28, 68, 41, 25, 3]",271,271,0,1.0,0.0,True,True,1.2497001080191694e-05,1.2700002116616815e-06
11,1,281,"[30, 84, 31, 62, 68, 15, 48, 70, 37, 100, 17]",281,271,10,0.9644128113879004,3.558718861209965,False,True,0.0002099920002365252,3.134999133180827e-06
11,2,367,"[44, 85, 99, 60, 94, 88, 37, 34, 66, 38, 89]",367,367,0,1.0,0.0,True,True,7.125199954316486e-05,2.0499992388067767e-06
11,3,292,"[87, 84, 16, 45, 83, 29, 70, 66, 26, 64, 15]",292,283,9,0.9691780821917808,3.0821917808219177,False,True,0.00011839000035251956,1.6519989003427327e-06
11,4,260,"[84, 6, 30, 94, 63, 7, 22, 95, 57, 50, 12]",260,259,1,0.9961538461538462,0.38461538461538464,False,True,0.00011673399967548903,1.6089998098323122e-06
11,5,353,"[71, 25, 85, 50, 87, 8, 86, 90, 78, 66, 61]",353,348,5,0.9858356940509915,1.41643059490085,False,True,0.00013103300079819746,1.6499998309882358e-06
11,6,224,"[33, 41, 93, 11, 28, 29, 28, 76, 10, 47, 53]",224,222,2,0.9910714285714286,0.8928571428571428,False,True,0.0001033650005410891,1.7010006558848545e-06
11,7,290,"[41, 82, 20, 52, 14, 65, 24, 37, 95, 99, 52]",290,290,0,1.0,0.0,True,True,8.059699939622078e-05,1.6680005501257256e-06
11,8,220,"[54, 14, 14, 25, 1, 60, 44, 78, 79, 15, 56]",220,218,2,0.990909090909091,0.9090909090909091,False,True,9.899199903884437e-05,1.6529993445146829e-06
11,9,253,"[16, 32, 48, 75, 39, 78, 17, 32, 68, 30, 72]",253,242,11,0.9565217391304348,4.3478260869565215,False,True,7.387900041067041e-05,1.9769995560636744e-06
11,10,241,"[54, 97, 38, 79, 17, 54, 34, 17, 60, 19, 13]",241,236,5,0.979253112033195,2.0746887966804977,False,True,0.00011490900033095386,1.4540000847773626e-06
11,11,325,"[39, 93, 21, 10, 24, 47, 81, 90, 83, 96, 66]",325,318,7,0.9784615384615385,2.1538461538461537,False,True,0.00015009500020823907,2.2250005713431165e-06
11,12,265,"[29, 95, 14, 4, 77, 67, 81, 6, 30, 70, 57]",265,263,2,0.9924528301886792,0.7547169811320755,False,True,0.00011067699961131439,1.8610007828101516e-06
11,13,270,"[21, 81, 86, 79, 60, 12, 58, 4, 37, 61, 42]",270,267,3,0.9888888888888889,1.1111111111111112,False,True,6.87930005369708e-05,1.525000698165968e-06
11,14,306,"[26, 40, 75, 68, 22, 73, 65, 56, 78, 29, 80]",306,306,0,1.0,0.0,True,True,9.221199979947414e-05,1.3959997886558995e-06
11,15,336,"[44, 81, 57, 83, 68, 58, 84, 68, 59, 3, 67]",336,319,17,0.9494047619047619,5.059523809523809,False,True,0.00012029699973936658,1.6049998521339148e-06
11,16,253,"[21, 62, 32, 67, 38, 19, 33, 56, 87, 71, 20]",253,246,7,0.9723320158102767,2.766798418972332,False,True,8.40559987409506e-05,1.5500008885283023e-06
11,17,359,"[76, 86, 49, 40, 73, 51, 59, 62, 77, 60, 86]",359,325,34,0.9052924791086351,9.47075208913649,False,True,0.00011852400166389998,1.4979996194597334e-06
11,18,341,"[56, 32, 87, 14, 39, 23, 98, 100, 46, 92, 95]",341,339,2,0.9941348973607038,0.5865102639296188,False,True,5.6165999922086485e-05,1.6489993868162856e-06
11,19,182,"[23, 3, 56, 29, 15, 20, 76, 52, 8, 4, 79]",182,182,0,1.0,0.0,True,True,6.30570011708187e-05,1.6550002328585833e-06
11,20,320,"[91, 50, 84, 16, 49, 98, 61, 16, 53, 60, 63]",320,305,15,0.953125,4.6875,False,True,0.00017127300088759512,1.6200010577449575e-06
11,21,295,"[49, 84, 20, 43, 80, 52, 35, 47, 93, 55, 32]",295,292,3,0.9898305084745763,1.0169491525423728,False,True,0.00011628399988694582,1.5210007404675707e-06
11,22,236,"[26, 65, 15, 9, 100, 49, 71, 36, 51, 19, 31]",236,236,0,1.0,0.0,True,True,2.3689000954618677e-05,1.6210015019169077e-06
11,23,273,"[31, 53, 56, 2, 81, 38, 98, 20, 52, 90, 26]",273,271,2,0.9926739926739927,0.7326007326007326,False,True,8.45969989313744e-05,1.5469995560124516e-06
11,24,297,"[21, 83, 93, 18, 29, 68, 94, 52, 3, 40, 93]",297,283,14,0.9528619528619529,4.713804713804714,False,True,7.738100066490006e-05,1.4689994713990018e-06
11,25,332,"[90, 35, 49, 78, 69, 33, 77, 75, 64, 2, 92]",332,331,1,0.9969879518072289,0.30120481927710846,False,True,0.0003915010001946939,6.9259986048564315e-06
11,26,301,"[14, 64, 83, 67, 14, 89, 100, 49, 57, 19, 46]",301,291,10,0.9667774086378738,3.322259136212625,False,True,0.00017063099949155003,2.644999767653644e-06
11,27,270,"[50, 21, 15, 66, 35, 84, 61, 25, 79, 17, 88]",270,268,2,0.9925925925925926,0.7407407407407408,False,True,0.00019918500038329512,3.4080003388226032e-06
11,28,215,"[8, 9, 79, 35, 48, 83, 24, 11, 18, 31, 84]",215,215,0,1.0,0.0,True,True,5.742800021835137e-05,2.2879994503455237e-06
11,29,224,"[23, 40, 1, 2, 93, 2, 96, 21, 71, 77, 23]",224,217,7,0.96875,3.125,False,True,0.0003672139991977019,3.870699947583489e-05
11,30,277,"[91, 83, 80, 21, 72, 11, 84, 35, 8, 51, 18]",277,276,1,0.9963898916967509,0.36101083032490977,False,True,0.00012213199988764245,2.4599994503660128e-06
12,1,294,"[88, 18, 93, 54, 1, 2, 59, 19, 89, 24, 79, 63]",294,294,0,1.0,0.0,True,True,6.583400136150885e-05,2.4000000848900527e-06
12,2,348,"[39, 73, 74, 100, 31, 44, 20, 62, 66, 16, 91, 81]",348,346,2,0.9942528735632183,0.5747126436781609,False,True,0.00018344999989494681,2.5690005713840947e-06
12,3,351,"[60, 32, 72, 8, 74, 70, 81, 55, 42, 90, 51, 67]",351,349,2,0.9943019943019943,0.5698005698005698,False,True,0.00022350299877871294,3.4889999369625002e-06
12,4,293,"[47, 22, 33, 50, 73, 13, 64, 46, 81, 54, 83, 20]",293,291,2,0.9931740614334471,0.6825938566552902,False,True,0.00039250700137927197,3.246999767725356e-06
12,5,279,"[6, 85, 19, 94, 12, 59, 50, 7, 91, 37, 95, 4]",279,278,1,0.996415770609319,0.35842293906810035,False,True,0.00021298100000421982,2.713999492698349e-06
12,6,308,"[82, 96, 14, 52, 18, 12, 91, 93, 82, 4, 45, 28]",308,308,0,1.0,0.0,True,True,0.00010696699973777868,1.971999154193327e-06
12,7,327,"[48, 62, 36, 38, 39, 64, 97, 11, 70, 94, 92, 3]",327,325,2,0.9938837920489296,0.6116207951070336,False,True,0.00022285100021690596,2.1770010789623484e-06
12,8,321,"[16, 11, 34, 57, 49, 3, 92, 86, 91, 15, 100, 89]",321,320,1,0.9968847352024922,0.3115264797507788,False,True,0.00017044500054907985,3.1220006349030882e-06
12,9,347,"[100, 44, 11, 68, 68, 96, 73, 12, 50, 44, 93, 35]",347,339,8,0.9769452449567724,2.3054755043227666,False,True,0.0003203880005457904,2.0770003175130114e-06
12,10,318,"[46, 96, 40, 72, 79, 13, 27, 45, 53, 29, 38, 98]",318,318,0,1.0,0.0,True,True,0.00010152200047741644,1.8119990272680297e-06
12,11,306,"[40, 29, 81, 33, 9, 50, 87, 18, 18, 56, 92, 99]",306,305,1,0.9967320261437909,0.32679738562091504,False,True,0.0003059979990212014,1.9809995137620717e-06
12,12,257,"[24, 29, 8, 41, 23, 18, 38, 23, 71, 87, 59, 93]",257,251,6,0.9766536964980544,2.3346303501945527,False,True,0.001326591000179178,7.107000783435069e-06
12,13,244,"[50, 33, 43, 55, 63, 40, 25, 80, 23, 7, 11, 59]",244,242,2,0.9918032786885246,0.819672131147541,False,True,0.00011090699990745634,4.148998414166272e-06
12,14,359,"[86, 50, 77, 75, 46, 94, 92, 36, 87, 26, 25, 24]",359,359,0,1.0,0.0,True,True,0.00011798500054283068,4.237999746692367e-06
12,15,282,"[48, 24, 79, 2, 46, 35, 44, 66, 80, 64, 18, 58]",282,275,7,0.975177304964539,2.4822695035460995,False,True,0.00016769200010458007,2.2040003386791795e-06
12,16,369,"[98, 21, 59, 51, 58, 82, 57, 54, 95, 21, 75, 68]",369,350,19,0.948509485094851,5.149051490514905,False,True,0.00028643099904002156,4.042000000481494e-06
12,17,334,"[39, 94, 72, 42, 23, 51, 69, 6, 36, 99, 92, 46]",334,331,3,0.9910179640718563,0.8982035928143712,False,True,0.00016902499919524416,3.934999767807312e-06
12,18,290,"[79, 43, 70, 54, 41, 49, 86, 67, 8, 20, 63, 1]",290,290,0,1.0,0.0,True,True,0.00022658499983663205,3.1489998946199194e-06
12,19,389,"[53, 19, 58, 82, 53, 40, 97, 82, 54, 92, 98, 50]",389,388,1,0.9974293059125964,0.2570694087403599,False,True,0.00027823700111184735,2.2959993657423183e-06
12,20,347,"[29, 87, 82, 20, 49, 53, 85, 87, 47, 43, 83, 29]",347,342,5,0.9855907780979827,1.440922190201729,False,True,0.00027979100013908464,2.9570001061074436e-06
12,21,267,"[29, 34, 62, 4, 44, 11, 62, 15, 60, 69, 48, 96]",267,265,2,0.9925093632958801,0.7490636704119851,False,True,0.00017783799921744503,3.4349995985394344e-06
12,22,268,"[42, 7, 77, 92, 78, 1, 1, 72, 18, 18, 98, 33]",268,268,0,1.0,0.0,True,True,4.1092000174103305e-05,1.9339986465638503e-06
12,23,362,"[83, 27, 98, 97, 54, 71, 83, 1, 45, 66, 68, 32]",362,362,0,1.0,0.0,True,True,0.00015319900012400467,1.9239996618125588e-06
12,24,250,"[47, 90, 14, 42, 31, 53, 18, 26, 7, 23, 51, 99]",250,249,1,0.996,0.4,False,True,5.480899926624261e-05,2.0810002752114087e-06
12,25,292,"[89, 25, 56, 72, 42, 50, 79, 46, 30, 8, 23, 64]",292,290,2,0.9931506849315068,0.684931506849315,False,True,0.00017942699923878536,2.3150005290517583e-06
12,26,415,"[80, 31, 31, 93, 75, 98, 67, 64, 46, 85, 80, 80]",415,402,13,0.9686746987951808,3.132530120481928,False,True,0.00020942999981343746,2.161001248168759e-06
12,27,301,"[38, 42, 52, 99, 33, 36, 33, 82, 61, 75, 46, 5]",301,298,3,0.9900332225913622,0.9966777408637874,False,True,0.00019286600036139134,1.6979993233690038e-06
12,28,334,"[87, 99, 56, 67, 84, 13, 7, 98, 6, 92, 10, 50]",334,325,9,0.9730538922155688,2.694610778443114,False,True,5.466100083140191e-05,2.1129999367985874e-06
12,29,334,"[4, 95, 66, 84, 82, 57, 6, 99, 18, 8, 55, 94]",334,324,10,0.9700598802395209,2.9940119760479043,False,True,0.0001313499997195322,1.9280014385003597e-06
12,30,230,"[7, 68, 18, 73, 71, 11, 50, 42, 45, 18, 51, 6]",230,230,0,1.0,0.0,True,True,8.29800010251347e-05,1.8049995560431853e-06
13,1,340,"[71, 59, 23, 32, 19, 11, 92, 81, 87, 79, 50, 25, 51]",340,339,1,0.9970588235294118,0.29411764705882354,False,True,0.00024750500051595736,2.7280002541374415e-06
13,2,268,"[58, 19, 74, 61, 9, 53, 43, 34, 50, 84, 34, 10, 7]",268,262,6,0.9776119402985075,2.2388059701492535,False,True,0.00023964899992279243,1.9129984138999134e-06
13,3,349,"[36, 87, 93, 94, 18, 29, 92, 15, 42, 61, 52, 72, 8]",349,348,1,0.997134670487106,0.28653295128939826,False,True,0.0002116030009347014,1.9359995349077508e-06
13,4,355,"[45, 64, 85, 76, 31, 89, 45, 36, 64, 94, 36, 14, 31]",355,344,11,0.9690140845070423,3.0985915492957745,False,True,0.000320920999001828,2.2550011635757983e-06
13,5,288,"[92, 29, 95, 24, 51, 28, 1, 22, 73, 90, 41, 18, 12]",288,278,10,0.9652777777777778,3.4722222222222223,False,True,8.053800047491677e-05,1.5969999367371202e-06
13,6,322,"[42, 80, 81, 43, 55, 95, 8, 97, 36, 15, 88, 1, 4]",322,322,0,1.0,0.0,True,True,0.00010514099994907156,1.8589998944662511e-06
13,7,289,"[26, 4, 55, 41, 72, 68, 31, 14, 69, 1, 66, 83, 49]",289,284,5,0.9826989619377162,1.7301038062283738,False,True,0.0001773650001268834,1.8950013327412307e-06
13,8,315,"[80, 42, 4, 75, 52, 99, 15, 97, 10, 1, 68, 18, 70]",315,314,1,0.9968253968253968,0.31746031746031744,False,True,0.0001067749999492662,2.0440002117538825e-06
13,9,351,"[28, 93, 39, 64, 16, 92, 46, 3, 81, 59, 42, 53, 87]",351,339,12,0.9658119658119658,3.418803418803419,False,True,0.000318211999911,1.8930004443973303e-06
13,10,362,"[65, 22, 93, 12, 81, 71, 95, 28, 66, 24, 81, 77, 9]",362,362,0,1.0,0.0,True,True,0.00025286599884566385,1.8569990061223507e-06
13,11,268,"[15, 100, 29, 8, 68, 79, 74, 44, 23, 10, 32, 52, 2]",268,268,0,1.0,0.0,True,True,7.651499981875531e-05,1.7460006347391754e-06
13,12,437,"[92, 25, 70, 76, 61, 37, 74, 80, 57, 71, 99, 50, 82]",437,429,8,0.9816933638443935,1.8306636155606408,False,True,0.000525677000041469,2.8220001695444807e-06
13,13,395,"[98, 12, 94, 44, 19, 99, 65, 80, 26, 86, 81, 79, 7]",395,389,6,0.9848101265822785,1.5189873417721518,False,True,0.00026993800020136405,2.332000804017298e-06
13,14,302,"[60, 29, 54, 82, 91, 7, 43, 54, 15, 24, 34, 74, 38]",302,301,1,0.9966887417218543,0.33112582781456956,False,True,0.00023792700085323304,1.9390008674236014e-06
13,15,255,"[99, 30, 2, 44, 47, 70, 85, 11, 54, 7, 18, 19, 25]",255,254,1,0.996078431372549,0.39215686274509803,False,True,0.000253791000432102,2.7389996830606833e-06
13,16,289,"[100, 89, 55, 52, 24, 33, 24, 12, 67, 15, 45, 2, 61]",289,289,0,1.0,0.0,True,True,6.898600076965522e-05,2.1189989638514817e-06
13,17,304,"[53, 77, 20, 61, 14, 31, 26, 20, 100, 88, 72, 8, 38]",304,303,1,0.9967105263157895,0.3289473684210526,False,True,0.0002222420007456094,1.9740000425372273e-06
13,18,310,"[58, 43, 11, 70, 22, 66, 46, 85, 52, 65, 8, 37, 57]",310,308,2,0.9935483870967742,0.6451612903225806,False,True,0.000336116998369107,2.303999281139113e-06
13,19,383,"[20, 51, 55, 54, 71, 76, 96, 13, 69, 92, 85, 68, 17]",383,382,1,0.9973890339425587,0.26109660574412535,False,True,0.0003674830004456453,1.922000592458062e-06
13,20,357,"[59, 79, 85, 48, 42, 42, 86, 84, 78, 62, 4, 4, 42]",357,342,15,0.957983193277311,4.201680672268908,False,True,0.00020346500059531536,1.8240007193526253e-06
13,21,396,"[86, 43, 25, 79, 19, 74, 86, 51, 92, 94, 12, 82, 49]",396,395,1,0.9974747474747475,0.25252525252525254,False,True,0.00029099399944243487,2.1129999367985874e-06
13,22,347,"[58, 96, 97, 32, 76, 40, 59, 31, 54, 87, 19, 4, 41]",347,343,4,0.9884726224783862,1.1527377521613833,False,True,0.000312473999656504,1.8179998733103275e-06
13,23,332,"[15, 15, 27, 21, 97, 97, 77, 52, 20, 21, 66, 62, 95]",332,331,1,0.9969879518072289,0.30120481927710846,False,True,0.00044459399941843003,1.8449991330271587e-06
13,24,326,"[34, 59, 27, 16, 39, 64, 100, 57, 80, 47, 75, 27, 27]",326,319,7,0.9785276073619632,2.147239263803681,False,True,0.0006836699994892115,6.292999387369491e-06
13,25,434,"[48, 95, 94, 14, 75, 17, 62, 92, 65, 86, 26, 100, 94]",434,431,3,0.9930875576036866,0.6912442396313364,False,True,0.0003880200001731282,3.78400000045076e-06
13,26,278,"[24, 27, 19, 64, 49, 28, 4, 52, 45, 94, 26, 87, 37]",278,277,1,0.9964028776978417,0.3597122302158274,False,True,0.00019991500084870495,2.54299993684981e-06
13,27,348,"[34, 94, 9, 42, 60, 27, 96, 55, 3, 82, 88, 88, 18]",348,347,1,0.9971264367816092,0.28735632183908044,False,True,0.00022288899890554603,2.2399999579647556e-06
13,28,394,"[35, 26, 94, 39, 71, 43, 62, 75, 26, 53, 99, 95, 71]",394,389,5,0.9873096446700508,1.2690355329949239,False,True,0.0002648919999046484,2.6140005502384156e-06
13,29,293,"[36, 55, 69, 43, 3, 14, 17, 47, 91, 31, 53, 31, 96]",293,292,1,0.9965870307167235,0.3412969283276451,False,True,0.0002955979998660041,2.5450008251937106e-06
13,30,366,"[90, 60, 65, 98, 5, 75, 92, 84, 8, 26, 1, 77, 51]",366,365,1,0.9972677595628415,0.273224043715847,False,True,0.00022135700055514462,2.3979991965461522e-06
14,1,383,"[96, 51, 35, 35, 29, 66, 82, 36, 96, 9, 93, 81, 44, 14]",383,381,2,0.9947780678851175,0.5221932114882507,False,True,0.0005414979987108381,4.645000444725156e-06
14,2,286,"[1, 53, 20, 26, 67, 54, 27, 18, 33, 59, 19, 65, 37, 93]",286,285,1,0.9965034965034965,0.34965034965034963,False,True,0.00046007000128156506,3.3559990697540343e-06
14,3,294,"[55, 30, 17, 95, 8, 23, 17, 87, 74, 55, 47, 53, 9, 19]",294,294,0,1.0,0.0,True,True,0.0003180470012011938,2.8720005502691492e-06
14,4,374,"[28, 39, 73, 91, 36, 15, 91, 23, 54, 81, 46, 64, 50, 58]",374,372,2,0.9946524064171123,0.53475935828877,False,True,0.0009272329989471473,3.7280005926731974e-06
14,5,284,"[64, 9, 67, 36, 46, 40, 26, 31, 56, 68, 9, 19, 41, 57]",284,282,2,0.9929577464788732,0.7042253521126761,False,True,0.00037151600008655805,3.269000444561243e-06
14,6,352,"[29, 36, 52, 72, 95, 22, 57, 65, 53, 1, 8, 87, 34, 93]",352,348,4,0.9886363636363636,1.1363636363636365,False,True,0.0005594880003627623,3.0150004022289068e-06
14,7,316,"[94, 44, 54, 62, 8, 67, 6, 46, 18, 41, 20, 34, 58, 81]",316,312,4,0.9873417721518988,1.2658227848101267,False,True,0.0003450999993219739,2.1910000214120373e-06
14,8,367,"[23, 15, 70, 39, 99, 17, 71, 29, 91, 74, 37, 48, 35, 86]",367,367,0,1.0,0.0,True,True,0.0006462839992309455,2.3899992811493576e-06
14,9,351,"[42, 14, 72, 14, 89, 42, 83, 68, 26, 41, 57, 15, 96, 44]",351,340,11,0.9686609686609686,3.133903133903134,False,True,0.000381945999833988,2.3970005713636056e-06
14,10,269,"[57, 8, 10, 60, 4, 63, 14, 50, 84, 4, 67, 49, 41, 27]",269,268,1,0.9962825278810409,0.37174721189591076,False,True,0.00035953799851995427,2.136001057806425e-06
14,11,342,"[50, 58, 28, 17, 43, 85, 30, 89, 2, 94, 14, 60, 71, 44]",342,341,1,0.9970760233918129,0.29239766081871343,False,True,0.000397407000491512,3.6950004869140685e-06
14,12,321,"[68, 1, 54, 18, 60, 52, 75, 47, 84, 32, 5, 54, 31, 61]",321,321,0,1.0,0.0,True,True,0.00035742799991567153,2.7639998734230176e-06
14,13,347,"[77, 69, 77, 48, 26, 7, 34, 94, 24, 1, 16, 43, 87, 91]",347,342,5,0.9855907780979827,1.440922190201729,False,True,0.00031040399881021585,2.2299991542240605e-06
14,14,342,"[30, 32, 64, 82, 58, 3, 61, 45, 97, 79, 38, 49, 28, 18]",342,340,2,0.9941520467836257,0.5847953216374269,False,True,0.0005390580008679535,2.2740005078958347e-06
14,15,353,"[47, 81, 23, 79, 64, 45, 61, 49, 49, 56, 89, 26, 7, 30]",353,350,3,0.9915014164305949,0.84985835694051,False,True,0.0006968249999772524,2.4090004444587976e-06
14,16,391,"[86, 48, 76, 73, 45, 31, 17, 92, 46, 73, 18, 51, 95, 32]",391,381,10,0.9744245524296675,2.557544757033248,False,True,0.00045244799912325107,6.153000867925584e-06
14,17,385,"[13, 86, 68, 57, 20, 58, 67, 90, 89, 68, 36, 30, 71, 17]",385,385,0,1.0,0.0,True,True,0.0006279530007304857,3.676001142594032e-06
14,18,372,"[8, 69, 80, 10, 40, 44, 39, 90, 79, 46, 47, 4, 92, 97]",372,369,3,0.9919354838709677,0.8064516129032258,False,True,0.0004600449992722133,3.121000190731138e-06
14,19,416,"[33, 50, 35, 51, 83, 17, 27, 83, 84, 70, 39, 95, 65, 100]",416,413,3,0.9927884615384616,0.7211538461538461,False,True,0.0008735569990676595,3.6559995351126418e-06
14,20,332,"[79, 17, 53, 29, 19, 63, 96, 8, 79, 88, 33, 71, 9, 21]",332,326,6,0.9819277108433735,1.8072289156626504,False,True,0.0004697719996329397,3.807999746641144e-06
14,21,314,"[5, 65, 75, 12, 39, 84, 12, 85, 71, 42, 35, 43, 45, 16]",314,314,0,1.0,0.0,True,True,0.0002734380013862392,3.043000106117688e-06
14,22,339,"[32, 40, 87, 28, 56, 85, 27, 62, 23, 19, 59, 49, 64, 48]",339,338,1,0.9970501474926253,0.2949852507374631,False,True,0.0005611169999610865,3.520999598549679e-06
14,23,377,"[75, 85, 41, 7, 1, 10, 40, 91, 68, 92, 55, 35, 87, 67]",377,373,4,0.9893899204244032,1.0610079575596816,False,True,0.0004189430001133587,2.7749993023462594e-06
14,24,354,"[2, 15, 18, 85, 7, 17, 88, 37, 85, 70, 53, 89, 58, 85]",354,354,0,1.0,0.0,True,True,0.000599532000705949,2.574999598436989e-06
14,25,354,"[40, 97, 34, 59, 56, 14, 70, 65, 70, 13, 29, 94, 61, 6]",354,351,3,0.9915254237288136,0.847457627118644,False,True,0.0004406990010465961,2.4699984351173043e-06
14,26,399,"[9, 84, 45, 81, 41, 87, 85, 92, 19, 76, 94, 3, 78, 4]",399,399,0,1.0,0.0,True,True,0.0010277780002070358,7.396000000881031e-06
14,27,353,"[67, 6, 51, 75, 95, 30, 20, 29, 96, 3, 56, 75, 20, 84]",353,353,0,1.0,0.0,True,True,0.0003710410001076525,4.489000275498256e-06
14,28,366,"[58, 58, 63, 44, 14, 24, 78, 77, 37, 59, 57, 81, 77, 6]",366,363,3,0.9918032786885246,0.819672131147541,False,True,0.0007673650015931344,3.2370007829740644e-06
14,29,347,"[16, 28, 53, 27, 76, 69, 97, 76, 90, 18, 98, 13, 9, 25]",347,347,0,1.0,0.0,True,True,0.0003316290003567701,4.708999767899513e-06
14,30,332,"[89, 14, 11, 56, 29, 37, 43, 37, 27, 92, 72, 55, 12, 90]",332,327,5,0.9849397590361446,1.5060240963855422,False,True,0.0014304899996204767,8.402001185459085e-06
15,1,461,"[94, 66, 75, 35, 90, 72, 85, 26, 21, 90, 76, 66, 54, 55, 18]",461,461,0,1.0,0.0,True,True,0.0023911099997349083,7.581998943351209e-06
15,2,459,"[68, 68, 56, 35, 68, 43, 99, 89, 61, 19, 68, 84, 68, 65, 27]",459,451,8,0.9825708061002179,1.7429193899782136,False,True,0.0025317880008515203,6.890000804560259e-06
15,3,365,"[81, 30, 39, 62, 40, 13, 24, 35, 97, 100, 6, 14, 88, 3, 98]",365,363,2,0.9945205479452055,0.547945205479452,False,True,0.0006255160005821381,6.378999387379736e-06
15,4,492,"[11, 90, 99, 87, 50, 71, 81, 59, 30, 93, 83, 50, 28, 98, 55]",492,478,14,0.9715447154471545,2.8455284552845526,False,True,0.0017636650009080768,6.526999641209841e-06
15,5,283,"[75, 51, 14, 30, 2, 19, 12, 38, 53, 47, 14, 50, 17, 76, 69]",283,275,8,0.9717314487632509,2.8268551236749118,False,True,0.000394224000046961,2.881999535020441e-06
15,6,361,"[83, 40, 22, 76, 19, 64, 20, 72, 81, 25, 9, 53, 26, 54, 78]",361,358,3,0.9916897506925207,0.8310249307479225,False,True,0.0009032130001287442,3.3899996196851134e-06
15,7,469,"[20, 73, 73, 75, 78, 36, 27, 88, 33, 11, 90, 82, 78, 75, 100]",469,465,4,0.9914712153518124,0.8528784648187633,False,True,0.0014861380004731473,4.277000698493794e-06
15,8,357,"[51, 32, 21, 92, 60, 41, 45, 43, 46, 12, 79, 91, 78, 14, 10]",357,354,3,0.9915966386554622,0.8403361344537815,False,True,0.0004741970005852636,2.6100005925400183e-06
15,9,419,"[82, 4, 90, 64, 88, 44, 32, 56, 60, 40, 66, 30, 34, 55, 93]",419,419,0,1.0,0.0,True,True,0.00044431700007407926,3.4229997254442424e-06
15,10,418,"[37, 18, 37, 89, 19, 81, 39, 83, 49, 62, 95, 40, 66, 82, 40]",418,415,3,0.992822966507177,0.7177033492822966,False,True,0.001274759000807535,2.848999429261312e-06
15,11,443,"[92, 41, 76, 86, 83, 85, 64, 7, 25, 76, 81, 84, 27, 46, 14]",443,437,6,0.9864559819413092,1.3544018058690745,False,True,0.001029567998557468,3.335000656079501e-06
15,12,370,"[28, 75, 47, 25, 70, 9, 74, 60, 65, 96, 22, 73, 23, 3, 70]",370,368,2,0.9945945945945946,0.5405405405405406,False,True,0.000794778999988921,3.9719998312648386e-06
15,13,339,"[69, 68, 39, 95, 33, 39, 30, 18, 58, 39, 14, 48, 78, 10, 41]",339,338,1,0.9970501474926253,0.2949852507374631,False,True,0.0004134739992878167,2.4359997041756287e-06
15,14,351,"[19, 45, 48, 59, 7, 98, 55, 9, 11, 63, 68, 31, 16, 73, 100]",351,350,1,0.9971509971509972,0.2849002849002849,False,True,0.0008541960014554206,2.696000592550263e-06
15,15,424,"[77, 22, 47, 84, 84, 2, 69, 15, 52, 84, 76, 79, 56, 3, 99]",424,423,1,0.9976415094339622,0.2358490566037736,False,True,0.0011503320001793327,2.8670001483988017e-06
15,16,383,"[69, 92, 99, 22, 56, 48, 73, 23, 15, 55, 9, 78, 26, 63, 39]",383,381,2,0.9947780678851175,0.5221932114882507,False,True,0.0005855719991814112,3.72300019080285e-06
15,17,348,"[58, 87, 60, 13, 34, 14, 9, 73, 24, 99, 8, 63, 24, 69, 62]",348,342,6,0.9827586206896551,1.7241379310344827,False,True,0.00045357799899647944,2.291999408043921e-06
15,18,322,"[51, 3, 64, 46, 37, 70, 71, 13, 40, 46, 41, 69, 10, 34, 50]",322,320,2,0.9937888198757764,0.6211180124223602,False,True,0.0012415519995556679,4.661000275518745e-06
15,19,433,"[95, 9, 64, 44, 9, 92, 97, 43, 11, 95, 69, 10, 65, 92, 72]",433,433,0,1.0,0.0,True,True,0.0011603420007304521,3.1319996196543798e-06
15,20,381,"[21, 61, 49, 12, 66, 93, 56, 99, 15, 81, 29, 24, 17, 50, 90]",381,380,1,0.9973753280839895,0.26246719160104987,False,True,0.000717337999958545,3.297998773632571e-06
15,21,370,"[29, 90, 38, 90, 75, 41, 79, 71, 29, 13, 94, 8, 34, 47, 2]",370,368,2,0.9945945945945946,0.5405405405405406,False,True,0.0009823380005400395,2.532999133109115e-06
15,22,438,"[97, 85, 9, 13, 77, 20, 98, 93, 31, 49, 99, 97, 46, 16, 47]",438,438,0,1.0,0.0,True,True,0.000587885999266291,2.5049994292203337e-06
15,23,344,"[21, 14, 8, 87, 52, 38, 30, 58, 56, 35, 91, 39, 40, 29, 91]",344,341,3,0.9912790697674418,0.872093023255814,False,True,0.0008137200002238387,2.7779988158727065e-06
15,24,407,"[36, 41, 10, 93, 74, 20, 65, 75, 35, 59, 4, 87, 58, 87, 71]",407,407,0,1.0,0.0,True,True,0.0009554480002407217,3.821000063908286e-06
15,25,304,"[70, 92, 87, 18, 50, 54, 32, 85, 12, 39, 21, 2, 1, 29, 16]",304,304,0,1.0,0.0,True,True,0.00036012700002174824,2.456001311657019e-06
15,26,321,"[64, 6, 69, 29, 4, 92, 99, 29, 39, 28, 3, 27, 83, 31, 39]",321,319,2,0.9937694704049844,0.6230529595015576,False,True,0.0003589449988794513,2.2099993657320738e-06
15,27,450,"[61, 82, 72, 41, 49, 98, 68, 60, 27, 52, 92, 6, 95, 66, 32]",450,445,5,0.9888888888888889,1.1111111111111112,False,True,0.0010895800005528145,2.832000973285176e-06
15,28,421,"[95, 78, 50, 48, 24, 88, 39, 62, 91, 13, 44, 87, 64, 55, 5]",421,421,0,1.0,0.0,True,True,0.0009864290004770737,2.426000719424337e-06
15,29,406,"[51, 26, 58, 6, 95, 51, 14, 70, 77, 60, 18, 89, 32, 100, 65]",406,399,7,0.9827586206896551,1.7241379310344827,False,True,0.0017719759998726659,8.557000910514034e-06
15,30,369,"[84, 97, 97, 23, 39, 13, 28, 31, 2, 64, 43, 22, 94, 85, 16]",369,368,1,0.997289972899729,0.27100271002710025,False,True,0.0009868520010059,7.394999556709081e-06
16,1,390,"[85, 58, 12, 77, 11, 22, 72, 74, 80, 38, 78, 55, 73, 4, 35, 7]",390,390,0,1.0,0.0,True,True,0.0013370289998420049,7.64700052968692e-06
16,2,367,"[42, 74, 66, 58, 33, 84, 13, 12, 29, 72, 15, 21, 36, 67, 77, 36]",367,365,2,0.9945504087193461,0.544959128065395,False,True,0.001513776000138023,4.892999641015194e-06
16,3,451,"[91, 44, 50, 85, 91, 62, 25, 67, 97, 73, 6, 25, 53, 15, 63, 56]",451,443,8,0.9822616407982262,1.7738359201773837,False,True,0.0015795889994478785,6.40500002191402e-06
16,4,315,"[20, 15, 67, 30, 8, 13, 12, 59, 51, 97, 61, 53, 5, 79, 42, 18]",315,312,3,0.9904761904761905,0.9523809523809524,False,True,0.0010331680005037924,1.4803999874857254e-05
16,5,292,"[63, 20, 12, 9, 19, 7, 14, 7, 24, 16, 58, 56, 81, 99, 83, 16]",292,287,5,0.9828767123287672,1.7123287671232876,False,True,0.0006218269991222769,4.428000465850346e-06
16,6,498,"[87, 90, 42, 26, 98, 94, 56, 50, 15, 15, 22, 56, 82, 80, 89, 94]",498,491,7,0.9859437751004017,1.4056224899598393,False,True,0.0016435939996881643,7.788001312292181e-06
16,7,357,"[79, 29, 7, 66, 78, 59, 42, 27, 73, 52, 78, 40, 3, 57, 10, 15]",357,357,0,1.0,0.0,True,True,0.0014120639989414485,4.839999746764079e-06
16,8,489,"[76, 27, 56, 18, 25, 71, 8, 93, 57, 95, 98, 88, 59, 46, 84, 77]",489,485,4,0.9918200408997955,0.81799591002045,False,True,0.0017352709983242676,4.0000013541430235e-06
16,9,450,"[60, 66, 87, 15, 94, 66, 53, 77, 42, 60, 47, 6, 36, 74, 38, 79]",450,449,1,0.9977777777777778,0.2222222222222222,False,True,0.0014139960003376473,3.5619996197056025e-06
16,10,487,"[61, 94, 57, 95, 56, 91, 32, 58, 47, 17, 52, 79, 61, 18, 96, 60]",487,487,0,1.0,0.0,True,True,0.0022444530004577246,3.8359994505299255e-06
16,11,407,"[52, 31, 79, 55, 64, 73, 30, 89, 15, 13, 92, 21, 91, 19, 10, 81]",407,405,2,0.995085995085995,0.4914004914004914,False,True,0.0012057469994033454,7.508999260608107e-06
16,12,440,"[8, 35, 27, 18, 93, 29, 89, 79, 85, 39, 88, 95, 91, 41, 26, 37]",440,438,2,0.9954545454545455,0.45454545454545453,False,True,0.0012442820006981492,3.7310001061996445e-06
16,13,404,"[45, 67, 56, 54, 26, 74, 47, 10, 96, 73, 22, 53, 23, 53, 77, 32]",404,397,7,0.9826732673267327,1.7326732673267329,False,True,0.0025015560004248982,4.715000613941811e-06
16,14,425,"[34, 50, 88, 89, 68, 77, 68, 41, 13, 53, 73, 17, 38, 34, 46, 62]",425,425,0,1.0,0.0,True,True,0.0020100800011277897,3.3510004868730903e-06
16,15,419,"[52, 95, 68, 77, 92, 81, 58, 58, 41, 14, 15, 18, 54, 90, 22, 4]",419,416,3,0.9928400954653938,0.7159904534606205,False,True,0.00137265400007891,2.9650000215042382e-06
16,16,494,"[80, 79, 35, 91, 48, 80, 67, 77, 85, 54, 30, 25, 80, 43, 99, 15]",494,489,5,0.9898785425101214,1.0121457489878543,False,True,0.0017882819993246812,3.189999915775843e-06
16,17,364,"[14, 78, 9, 8, 82, 16, 43, 56, 35, 46, 17, 39, 92, 12, 94, 87]",364,364,0,1.0,0.0,True,True,0.0010045059989352012,2.844000846380368e-06
16,18,392,"[35, 61, 20, 18, 51, 73, 48, 4, 19, 76, 49, 60, 98, 32, 98, 42]",392,391,1,0.9974489795918368,0.25510204081632654,False,True,0.0015298990001610946,3.1500003387918696e-06
16,19,491,"[27, 94, 88, 31, 61, 84, 19, 90, 78, 42, 88, 42, 65, 47, 46, 81]",491,491,0,1.0,0.0,True,True,0.002111068000886007,2.6670004444895312e-06
16,20,321,"[92, 49, 11, 72, 10, 12, 19, 18, 75, 78, 33, 29, 74, 6, 35, 29]",321,319,2,0.9937694704049844,0.6230529595015576,False,True,0.000589698998737731,6.766000296920538e-06
16,21,304,"[27, 4, 90, 11, 42, 45, 73, 8, 54, 17, 39, 3, 86, 44, 4, 62]",304,303,1,0.9967105263157895,0.3289473684210526,False,True,0.0005854880000697449,4.407000233186409e-06
16,22,408,"[7, 50, 50, 61, 93, 44, 79, 52, 95, 33, 75, 30, 48, 66, 5, 29]",408,408,0,1.0,0.0,True,True,0.0012614059996849392,5.3869989642407745e-06
16,23,336,"[36, 71, 76, 7, 49, 28, 37, 21, 9, 35, 17, 38, 14, 75, 62, 97]",336,336,0,1.0,0.0,True,True,0.0007992259997990914,4.363000698504038e-06
16,24,477,"[44, 61, 53, 2, 86, 97, 33, 32, 95, 51, 23, 96, 98, 69, 96, 19]",477,475,2,0.9958071278825996,0.41928721174004197,False,True,0.002459962999637355,5.326000973582268e-06
16,25,332,"[9, 13, 93, 86, 66, 83, 20, 5, 47, 9, 94, 38, 9, 23, 67, 2]",332,331,1,0.9969879518072289,0.30120481927710846,False,True,0.0009231090007233433,2.8409995138645172e-06
16,26,354,"[16, 19, 37, 93, 16, 10, 57, 28, 100, 32, 83, 70, 78, 27, 7, 35]",354,354,0,1.0,0.0,True,True,0.0003568519987311447,2.32499951380305e-06
16,27,299,"[83, 69, 93, 30, 14, 40, 39, 54, 39, 10, 26, 32, 8, 48, 10, 3]",299,299,0,1.0,0.0,True,True,0.00011808000090240967,2.0540010154945776e-06
16,28,372,"[52, 54, 43, 15, 13, 72, 39, 44, 37, 70, 43, 28, 20, 69, 77, 69]",372,372,0,1.0,0.0,True,True,0.0026636819984560134,3.0560004233848304e-06
16,29,444,"[40, 49, 33, 61, 50, 64, 60, 16, 74, 24, 79, 92, 89, 89, 4, 65]",444,443,1,0.9977477477477478,0.22522522522522523,False,True,0.002002957000513561,2.67999894276727e-06
16,30,393,"[44, 3, 57, 30, 46, 80, 28, 7, 26, 2, 55, 98, 90, 99, 48, 73]",393,393,0,1.0,0.0,True,True,0.0012864769996667746,2.2969998099142686e-06
17,1,411,"[32, 33, 83, 51, 7, 76, 90, 89, 13, 48, 19, 30, 89, 41, 2, 67, 53]",411,411,0,1.0,0.0,True,True,0.001671840000199154,2.861999746528454e-06
17,2,376,"[57, 40, 45, 32, 56, 49, 13, 99, 9, 33, 38, 7, 73, 26, 19, 97, 60]",376,374,2,0.9946808510638298,0.5319148936170213,False,True,0.0018894090007961495,3.3329997677356005e-06
17,3,590,"[79, 96, 92, 16, 45, 92, 58, 81, 97, 57, 64, 85, 79, 85, 62, 12, 80]",590,575,15,0.9745762711864406,2.5423728813559325,False,True,0.004776153000420891,3.3779997465899214e-06
17,4,463,"[33, 94, 53, 44, 11, 10, 87, 96, 83, 19, 36, 44, 32, 46, 57, 83, 99]",463,459,4,0.9913606911447084,0.8639308855291578,False,True,0.003327147000163677,3.5619996197056025e-06
17,5,326,"[11, 52, 23, 39, 21, 4, 12, 24, 52, 85, 54, 62, 12, 27, 64, 96, 14]",326,325,1,0.9969325153374233,0.3067484662576687,False,True,0.0010278190002281917,2.6289999368600547e-06
17,6,487,"[53, 83, 77, 94, 61, 25, 14, 50, 19, 47, 89, 51, 29, 82, 61, 41, 98]",487,487,0,1.0,0.0,True,True,0.0018901269995694747,2.802000381052494e-06
17,7,364,"[45, 2, 68, 6, 17, 53, 2, 89, 5, 52, 63, 49, 22, 73, 49, 42, 92]",364,364,0,1.0,0.0,True,True,0.0014894769992679358,4.51300002168864e-06
17,8,522,"[52, 48, 50, 22, 27, 18, 99, 89, 82, 84, 89, 33, 16, 86, 88, 67, 94]",522,511,11,0.9789272030651341,2.10727969348659,False,True,0.004471440999623155,3.522000042721629e-06
17,9,441,"[98, 47, 67, 16, 97, 63, 9, 8, 30, 73, 59, 70, 24, 42, 82, 60, 37]",441,436,5,0.9886621315192744,1.1337868480725624,False,True,0.0018635169999470236,3.201999788871035e-06
17,10,488,"[69, 45, 49, 13, 46, 94, 46, 61, 16, 3, 30, 97, 77, 58, 93, 97, 82]",488,482,6,0.9877049180327869,1.2295081967213115,False,True,0.0026755100006994326,1.093199898605235e-05
17,11,412,"[59, 15, 53, 19, 38, 44, 79, 8, 88, 49, 27, 88, 77, 96, 49, 9, 26]",412,410,2,0.9951456310679612,0.48543689320388345,False,True,0.002752245000010589,3.9590013329871e-06
17,12,436,"[88, 55, 70, 75, 29, 77, 88, 63, 88, 80, 11, 7, 36, 8, 10, 35, 53]",436,432,4,0.9908256880733946,0.9174311926605505,False,True,0.00197014900004433,3.6530000215861946e-06
17,13,461,"[8, 29, 24, 95, 35, 76, 96, 48, 70, 77, 75, 21, 65, 54, 32, 28, 90]",461,458,3,0.9934924078091106,0.6507592190889371,False,True,0.003256492998843896,1.0462001228006557e-05
17,14,486,"[89, 32, 53, 52, 97, 5, 2, 34, 92, 8, 55, 94, 56, 88, 86, 83, 47]",486,475,11,0.977366255144033,2.263374485596708,False,True,0.0022500489994854433,9.96899871097412e-06
17,15,393,"[23, 35, 100, 38, 44, 84, 45, 100, 3, 13, 97, 59, 88, 8, 8, 19, 22]",393,393,0,1.0,0.0,True,True,0.0015280010011338163,5.829000656376593e-06
17,16,402,"[16, 22, 92, 62, 39, 12, 26, 64, 59, 98, 64, 61, 14, 55, 4, 91, 26]",402,400,2,0.9950248756218906,0.4975124378109453,False,True,0.001263739999558311,3.462000677245669e-06
17,17,377,"[6, 26, 21, 51, 13, 17, 26, 11, 83, 30, 72, 83, 82, 77, 54, 76, 27]",377,376,1,0.9973474801061007,0.2652519893899204,False,True,0.0024334720001206733,3.4949989640153944e-06
17,18,549,"[30, 73, 58, 76, 10, 54, 93, 73, 47, 69, 70, 73, 95, 68, 60, 68, 82]",549,546,3,0.994535519125683,0.546448087431694,False,True,0.007055250000121305,4.161000106250867e-06
17,19,435,"[14, 90, 95, 86, 30, 73, 17, 90, 11, 10, 64, 67, 72, 50, 68, 9, 24]",435,434,1,0.9977011494252873,0.22988505747126436,False,True,0.0028082240005460335,2.9039983928669244e-06
17,20,486,"[11, 85, 88, 19, 12, 100, 69, 28, 84, 70, 27, 45, 93, 91, 13, 69, 68]",486,485,1,0.9979423868312757,0.205761316872428,False,True,0.002985897999678855,2.7089990908280015e-06
17,21,433,"[74, 39, 85, 14, 99, 4, 30, 98, 56, 73, 96, 43, 56, 45, 3, 9, 43]",433,432,1,0.9976905311778291,0.23094688221709006,False,True,0.002191341000070679,2.507998942746781e-06
17,22,457,"[40, 78, 66, 52, 64, 68, 85, 66, 26, 43, 52, 58, 96, 19, 2, 89, 10]",457,456,1,0.9978118161925602,0.2188183807439825,False,True,0.0029269469996506814,3.5249995562480763e-06
17,23,329,"[65, 12, 28, 28, 49, 62, 35, 22, 59, 38, 14, 34, 42, 17, 55, 97, 1]",329,326,3,0.9908814589665653,0.911854103343465,False,True,0.0019586069993238198,2.7839996619150043e-06
17,24,568,"[80, 94, 88, 96, 71, 72, 80, 21, 81, 92, 98, 56, 19, 53, 29, 35, 72]",568,568,0,1.0,0.0,True,True,0.004804847001651069,4.555000487016514e-06
17,25,429,"[76, 53, 77, 17, 31, 45, 93, 83, 8, 9, 94, 17, 58, 75, 92, 29, 1]",429,429,0,1.0,0.0,True,True,0.0020467120011744555,3.107001248281449e-06
17,26,389,"[11, 83, 73, 95, 27, 69, 14, 49, 5, 58, 47, 69, 22, 49, 83, 13, 12]",389,388,1,0.9974293059125964,0.2570694087403599,False,True,0.0010570659997028997,5.690000762115233e-06
17,27,527,"[92, 81, 86, 6, 90, 75, 78, 89, 50, 93, 15, 43, 10, 83, 74, 33, 56]",527,525,2,0.9962049335863378,0.3795066413662239,False,True,0.005562178999753087,1.0200999895459972e-05
17,28,424,"[100, 71, 3, 67, 52, 25, 40, 19, 97, 41, 23, 41, 90, 22, 52, 93, 13]",424,424,0,1.0,0.0,True,True,0.0018901399998867419,4.272000296623446e-06
17,29,421,"[27, 35, 50, 99, 99, 45, 40, 75, 85, 58, 44, 37, 17, 4, 53, 59, 16]",421,421,0,1.0,0.0,True,True,0.0024183760015148437,3.6820001696469262e-06
17,30,403,"[16, 6, 67, 90, 26, 2, 12, 32, 84, 38, 48, 74, 13, 84, 72, 67, 75]",403,402,1,0.9975186104218362,0.24813895781637718,False,True,0.002140954999049427,2.9889997676946223e-06
18,1,402,"[4, 58, 67, 58, 25, 35, 66, 19, 91, 39, 84, 22, 40, 53, 3, 42, 62, 36]",402,402,0,1.0,0.0,True,True,0.0037792490002175327,4.303999958210625e-06
18,2,418,"[5, 86, 88, 75, 8, 17, 85, 35, 20, 7, 47, 87, 44, 59, 50, 34, 37, 52]",418,418,0,1.0,0.0,True,True,0.004034378000142169,6.278000000747852e-06
18,3,465,"[47, 28, 90, 52, 99, 70, 45, 91, 94, 21, 97, 75, 1, 7, 38, 8, 60, 7]",465,465,0,1.0,0.0,True,True,0.0031859690006967867,7.820999599061906e-06
18,4,436,"[53, 90, 21, 7, 14, 82, 4, 66, 18, 62, 94, 73, 23, 48, 80, 68, 65, 5]",436,433,3,0.9931192660550459,0.6880733944954129,False,True,0.0026958910002576886,3.2099997042678297e-06
18,5,449,"[61, 46, 85, 79, 74, 76, 33, 18, 87, 49, 79, 30, 58, 6, 83, 24, 2, 8]",449,448,1,0.9977728285077951,0.22271714922048996,False,True,0.002917904001151328,3.074999767704867e-06
18,6,380,"[23, 12, 70, 44, 16, 90, 31, 19, 24, 99, 29, 64, 66, 31, 6, 83, 48, 5]",380,379,1,0.9973684210526316,0.2631578947368421,False,True,0.002029647999734152,4.9529990064911544e-06
18,7,552,"[85, 100, 97, 94, 24, 100, 52, 100, 73, 19, 47, 20, 72, 30, 67, 57, 46, 21]",552,548,4,0.9927536231884058,0.7246376811594203,False,True,0.0029426159999275114,8.558999979868531e-06
18,8,425,"[85, 24, 74, 54, 58, 75, 17, 93, 31, 34, 30, 76, 3, 40, 8, 44, 96, 9]",425,425,0,1.0,0.0,True,True,0.001110356000936008,3.7520003388635814e-06
18,9,399,"[100, 29, 30, 26, 29, 30, 48, 72, 28, 77, 36, 25, 73, 58, 5, 82, 21, 29]",399,395,4,0.9899749373433584,1.0025062656641603,False,True,0.0028575750002346467,7.95900086814072e-06
18,10,487,"[25, 14, 81, 6, 77, 62, 42, 73, 69, 48, 99, 86, 58, 19, 24, 81, 93, 18]",487,482,5,0.9897330595482546,1.0266940451745379,False,True,0.005195637000724673,5.718999091186561e-06
18,11,505,"[86, 44, 57, 24, 8, 46, 88, 64, 90, 36, 19, 49, 48, 54, 84, 45, 86, 82]",505,498,7,0.9861386138613861,1.3861386138613863,False,True,0.0067254710011184216,3.5709999792743474e-06
18,12,447,"[3, 96, 95, 56, 53, 43, 72, 34, 3, 53, 37, 38, 44, 82, 58, 62, 26, 40]",447,447,0,1.0,0.0,True,True,0.003992570000264095,3.3139986044261605e-06
18,13,498,"[56, 52, 64, 3, 9, 74, 60, 89, 37, 88, 63, 31, 27, 88, 75, 40, 60, 81]",498,498,0,1.0,0.0,True,True,0.007023414000286721,1.215799966303166e-05
18,14,611,"[57, 98, 62, 72, 66, 88, 95, 54, 14, 16, 92, 37, 94, 68, 71, 47, 100, 91]",611,607,4,0.9934533551554828,0.6546644844517185,False,True,0.01029344000016863,1.2189999324618839e-05
18,15,417,"[34, 95, 14, 13, 15, 27, 75, 38, 89, 83, 28, 39, 87, 11, 15, 65, 21, 86]",417,417,0,1.0,0.0,True,True,0.002722050001466414,3.6849996831733733e-06
18,16,524,"[78, 51, 87, 9, 52, 26, 86, 86, 41, 40, 76, 22, 93, 69, 60, 78, 14, 80]",524,524,0,1.0,0.0,True,True,0.006973438001296017,4.937999619869515e-06
18,17,430,"[79, 26, 69, 54, 9, 12, 45, 28, 33, 44, 5, 33, 35, 69, 85, 96, 59, 79]",430,429,1,0.9976744186046511,0.23255813953488372,False,True,0.006969252999624587,1.1078000170527957e-05
18,18,374,"[5, 2, 41, 27, 97, 2, 7, 43, 47, 23, 37, 8, 52, 64, 77, 88, 97, 32]",374,374,0,1.0,0.0,True,True,0.0034074089999194257,5.152000085217878e-06
18,19,483,"[26, 96, 74, 90, 51, 12, 86, 88, 13, 82, 64, 13, 41, 35, 84, 24, 51, 36]",483,480,3,0.9937888198757764,0.6211180124223602,False,True,0.00386274999982561,4.134999471716583e-06
18,20,501,"[72, 99, 4, 62, 78, 26, 13, 75, 71, 70, 50, 41, 66, 37, 93, 69, 71, 5]",501,501,0,1.0,0.0,True,True,0.007084012000632356,1.1955999070778489e-05
18,21,434,"[19, 49, 14, 22, 83, 57, 44, 86, 10, 93, 2, 67, 42, 38, 54, 7, 84, 97]",434,434,0,1.0,0.0,True,True,0.004430312999829766,4.8029996833065525e-06
18,22,503,"[71, 89, 90, 64, 38, 5, 96, 16, 23, 16, 88, 66, 94, 12, 19, 91, 94, 35]",503,503,0,1.0,0.0,True,True,0.002582195000286447,3.4820004657376558e-06
18,23,377,"[77, 78, 21, 89, 26, 37, 55, 4, 10, 82, 52, 27, 9, 65, 21, 27, 33, 41]",377,377,0,1.0,0.0,True,True,0.002850922999641625,1.7254000340471976e-05
18,24,500,"[26, 97, 47, 55, 78, 40, 34, 43, 18, 79, 63, 92, 60, 49, 52, 10, 60, 97]",500,498,2,0.996,0.4,False,True,0.0070744940003351076,1.0800000382005237e-05
18,25,338,"[5, 45, 31, 12, 86, 51, 9, 12, 52, 22, 71, 63, 20, 5, 10, 10, 76, 96]",338,338,0,1.0,0.0,True,True,0.002061510998828453,3.870000000461005e-06
18,26,491,"[25, 92, 8, 42, 84, 27, 16, 88, 18, 84, 96, 94, 56, 82, 18, 96, 6, 50]",491,491,0,1.0,0.0,True,True,0.0030073939997237176,9.10099879547488e-06
18,27,483,"[39, 29, 53, 72, 37, 86, 21, 66, 100, 84, 63, 51, 24, 69, 1, 48, 44, 79]",483,475,8,0.9834368530020704,1.6563146997929608,False,True,0.0075639909991878085,1.0957000995404087e-05
18,28,367,"[81, 1, 5, 19, 43, 20, 31, 13, 14, 95, 68, 7, 90, 53, 51, 54, 88, 1]",367,367,0,1.0,0.0,True,True,0.0012557549998746254,7.489001291105524e-06
18,29,536,"[54, 99, 26, 77, 15, 91, 89, 98, 60, 26, 97, 68, 97, 2, 84, 11, 48, 31]",536,536,0,1.0,0.0,True,True,0.003190796998751466,1.0056000974145718e-05
18,30,425,"[17, 36, 23, 8, 83, 37, 94, 80, 27, 1, 83, 4, 43, 58, 100, 71, 44, 42]",425,423,2,0.9952941176470588,0.4705882352941176,False,True,0.004409200000736746,5.613001121673733e-06
